{
  "users": [
    {
      "id": 1,
      "name": "Akshat",
      "contact": 7788994455,
      "location": "Jaipur"
    },
    {
      "id": 2,
      "name": "Shubham",
      "contact": 7788994455,
      "location": "Mumbai"
    },
    {
      "id": 3,
      "name": "Rahul",
      "contact": 7788994455,
      "location": "Delhi"
    },
    {
      "id": 4,
      "name": "Nitesh",
      "contact": 7788994455,
      "location": "Jaipur"
    },
    {
      "id": 5,
      "name": "Joy",
      "contact": 7788994455,
      "location": "Ahemdabad"
    },
    {
      "id": 6,
      "name": "Jaya",
      "contact": 7788994455,
      "location": "Kolkata"
    },
    {
      "name": "surbhi",
      "contact": "9928040901",
      "address": "Udaipur",
      "id": 7
    }
  ]
}